CMS Code,Quant Budget,proj year,proj date,Project Type
6BBC06,750.0,In 2016,Nov 2016,Structure
ABAR10,5e3,In 2016,Mar 2016,LDI
ABAR10,5e3,In 2016,Mar 2016,LDI
ABAR10,3e3,In 2016,Apr 2016,LDI
ABSE10,1500.0,In 2015,Jun 2015,3DA
AEGO10,1500.0,In 2015,Feb 2015,3DA
AEGO10,500.0,In 2015,Apr 2015,3DA
AEGO10,500.0,In 2015,Jul 2015,3DA
AEGO10,1e3,In 2016,Apr 2016,LDI
AEGO10,5e3,In 2016,Nov 2016,LDI
AEGO10,500.0,In 2016,Nov 2016,LDI
AFCX10,1500.0,In 2015,Jan 2015,3DA
AFCX10,500.0,In 2015,Apr 2015,3DA
AFCX10,15e3,In 2015,Oct 2015,ALM
AFCX10,2500.0,In 2016,Jul 2016,LDI
AFCX10,3500.0,In 2016,Aug 2016,ALM
AFFW10,500.0,In 2015,Feb 2015,3DA
AFFW10,500.0,In 2015,Apr 2015,3DA
AFFW10,5e3,In 2016,May 2016,LDI
AFFW10,500.0,In 2015,Jul 2015,3DA
AFFW10,500.0,In 2015,Nov 2015,3DA
AFFW10,500.0,In 2016,Feb 2016,3DA
AFFW10,15e3,In 2016,May 2016,ALM
AFFW10,5e3,In 2016,Jun 2016,ALM
AFFW10,500.0,In 2016,Aug 2016,3DA
AFFW10,500.0,In 2016,Nov 2016,3DA
AGBA10,15e3,In 2014,Dec 2014,ALM
AGBA10,1500.0,In 2015,Jan 2015,3DA
AGBA10,2e3,In 2016,Jun 2016,LDI
AGBA10,5e3,In 2016,Nov 2016,LDI
Age UK (AC),1500.0,In 2015,Dec 2015,3DA
Age UK (HTA),1500.0,In 2015,Dec 2015,3DA
AGFA10,15e3,In 2015,Mar 2015,ALM
AGFA10,1500.0,In 2015,Mar 2015,3DA
AGFA10,2500.0,In 2015,May 2015,ALM
AGUK10,15e3,In 2014,Aug 2014,ALM
AGUK10,500.0,In 2016,Mar 2016,Structure
AGUK10,15e3,In 2014,Mar 2014,ALM
AGUK10,1750.0,In 2016,Dec 2016,ALM
AGUK10,750.0,In 2016,Dec 2016,Structure
AGUK10 (AC),1e4,In 2016,Sep 2016,ALM
AGUK10 (AC),3500.0,In 2016,Sep 2016,Cashflows
AGUK10 (HTA),1e4,In 2016,Sep 2016,ALM
AGUK10 (HTA),3500.0,In 2016,Sep 2016,Cashflows
AIRF10,15e3,In 2015,Aug 2015,ALM
AIRP10,500.0,In 2015,Aug 2015,Other
AIRP10,1500.0,In 2015,Oct 2015,3DA
ALDO10,4e3,In 2015,May 2015,LDI
ALDO10,5e3,In 2016,Jan 2016,Cashflows
ALDO10,5e3,In 2016,Feb 2016,LDI
ALDO10,1e3,In 2016,Mar 2016,Cashflows
ALST10,8e3,In 2016,May 2016,ALM
ALST10,100.0,In 2016,Jul 2016,Other
ALST10,100.0,In 2016,Aug 2016,Other
ALST10,100.0,In 2016,Sep 2016,Other
ALST10 (SPOT),1500.0,In 2014,May 2014,3DA
ALST11,500.0,In 2015,Mar 2015,3DA
ALST11,2e4,In 2015,Sep 2015,ALM
ALST11,1e4,In 2016,Mar 2016,ALM
ALST11,100.0,In 2016,Oct 2016,Other
ALST11,100.0,In 2016,Oct 2016,Other
ALST11,100.0,In 2016,Dec 2016,Other
ANZB10,2e3,In 2014,May 2014,Structure
ANZB10,15e3,In 2014,Aug 2014,ALM
ANZB10,2e3,In 2014,Aug 2014,Structure
ANZB10,15e3,In 2015,Jan 2015,ALM
ANZB10,2e3,In 2015,Feb 2015,Structure
ANZB10,15e3,In 2015,Mar 2015,ALM
ANZB10,5e3,In 2015,May 2015,Other
ANZB10,7500.0,In 2015,May 2015,LDI
ANZB10,2500.0,In 2015,Jul 2015,Other
ANZB10,3500.0,In 2015,Nov 2015,ALM
ANZB10,2e3,In 2015,Oct 2015,Structure
ANZB10,3500.0,In 2016,Feb 2016,ALM
ANZB10,3500.0,In 2016,May 2016,ALM
ANZB10,1250.0,In 2016,May 2016,ALM
ANZB10,3500.0,In 2016,May 2016,Cashflows
ANZB10,3e3,In 2016,Aug 2016,Cashflows
ANZB10,7e3,In 2016,Aug 2016,LDI
ANZB10,3500.0,In 2016,Aug 2016,ALM
ANZB10,2e3,In 2016,Sep 2016,ALM
ANZB10,3500.0,In 2016,Nov 2016,ALM
ANZB10,2500.0,In 2016,Nov 2016,Structure
ASDA01,17e3,In 2016,Sep 2016,Other
ASUN10,250.0,In 2015,Oct 2015,Structure
ATOS12,1500.0,In 2015,Apr 2015,3DA
AUTB10,2e3,In 2016,Mar 2016,Other
AVIV01,15e3,In 2016,Jun 2016,Other
AVIV01 (main),8e3,In 2015,Nov 2015,Other
AVIV01 (main),26e3,In 2016,Jan 2016,Other
AVIV01 (main),67e3,In 2016,Feb 2016,Other
AVIV10,2e4,In 2015,Apr 2015,Other
AVIV10,1e3,In 2015,Jul 2015,LDI
AVIV10,5e3,In 2015,Nov 2015,LDI
AVIV10,1e3,In 2015,Oct 2015,LDI
AVIV10,250.0,In 2015,Oct 2015,Other
AVIV10,1e3,In 2015,Dec 2015,LDI
AVIV10,5e3,In 2015,Dec 2015,Other
AVIV10,1e3,In 2016,Jan 2016,LDI
AVIV10,3500.0,In 2016,Mar 2016,LDI
AVIV10,2e3,In 2016,Mar 2016,Other
AVIV10,1e3,In 2016,Apr 2016,LDI
AVIV10,15e3,In 2016,Jul 2016,ALM
AVIV10,1e3,In 2016,Aug 2016,LDI
AVIV10,8e3,In 2016,Nov 2016,ALM
AVIV10,1e3,In 2016,Oct 2016,LDI
AXAG10,2e3,In 2015,Sep 2015,Other
BAA Tender,1500.0,In 2017,Jan 2017,3DA
BAES10,500.0,In 2015,Aug 2015,Other
BAES10,500.0,In 2015,Nov 2015,Other
BAES10,250.0,In 2016,Jan 2016,Other
BAES10,2e3,In 2016,Apr 2016,Other
BAES10,500.0,In 2016,Apr 2016,Other
BAES10,100.0,In 2016,Jul 2016,Other
BAES10,100.0,In 2016,Aug 2016,Other
BAES10,100.0,In 2016,Sep 2016,Other
BAES10,100.0,In 2016,Oct 2016,Other
BAES10,100.0,In 2016,Oct 2016,Other
BAES10 (new client),1e3,In 2015,Jun 2015,Other
Baillie Giff Bespoke DC,15e3,In 2016,Jul 2016,Other
BARN01,5e3,In 2015,Sep 2015,Cashflows
BARN01,1e4,In 2015,Oct 2015,ALM
BATO10,15e3,In 2016,Mar 2016,ALM
BATO10,1500.0,In 2015,Sep 2015,3DA
BATO10,5e3,In 2016,Mar 2016,ALM
BATO10,2e3,In 2016,Apr 2016,ALM
BATO10,2e3,In 2016,May 2016,ALM
BATO10,3500.0,In 2016,Jun 2016,ALM
BATO10,8e3,In 2016,Sep 2016,ALM
BAXI10,15e3,In 2015,Sep 2015,ALM
BAXI10,2e3,In 2015,Jul 2015,Other
BAXI10,1500.0,In 2016,Mar 2016,3DA
BBAG10,15e3,In 2014,Jun 2014,ALM
BBAG10,9e3,In 2016,Feb 2016,ALM
BBAG10,2e3,In 2014,Sep 2014,Structure
BBAG10,6e3,In 2015,Jun 2015,ALM
BBAG10,1e3,In 2015,Jun 2015,Other
BBAG10,1250.0,In 2015,Dec 2015,LDI
BBAG10,1250.0,In 2016,Feb 2016,LDI
BBAG10,3500.0,In 2016,Feb 2016,Cashflows
BBAG10,1250.0,In 2016,May 2016,LDI
BBAG10,1250.0,In 2016,Aug 2016,LDI
BBAG10,8e3,In 2016,Sep 2016,ALM
BBAG10,5e3,In 2016,Sep 2016,LDI
BBAG10,1250.0,In 2016,Nov 2016,LDI
BBAG10,2500.0,In 2016,Nov 2016,Structure
BBAG10,750.0,In 2016,Nov 2016,Structure
BBC 3DA- proposal,1500.0,In 2016,Feb 2016,3DA
BBC tender,1500.0,In 2016,Nov 2016,3DA
BCEB10,13e3,In 2016,Feb 2016,Other
BCEB10,15e3,In 2016,Aug 2016,Other
BEDS01,3500.0,In 2016,Nov 2016,ALM
BEDS01,1400.0,In 2016,Nov 2016,ALM
BEDS01,1400.0,In 2016,Nov 2016,ALM
BGRP10,2e3,In 2014,Mar 2014,Structure
BGRP10,15e3,In 2014,Oct 2014,ALM
BGRP10,500.0,In 2015,Jan 2015,3DA
BGRP10,15e3,In 2015,Feb 2015,ALM
BGRP10,500.0,In 2015,Feb 2015,Other
BGRP10,2e3,In 2015,Feb 2015,Structure
BGRP10,750.0,In 2015,Apr 2015,LDI
BGRP10,500.0,In 2015,Aug 2015,LDI
BGRP10,1250.0,In 2015,Oct 2015,LDI
BGRP10,1e4,In 2015,Nov 2015,ALM
BGRP10,1250.0,In 2016,Feb 2016,LDI
BGRP10,5e3,In 2016,Mar 2016,ALM
BGRP10,1250.0,In 2016,May 2016,LDI
BGRP10,1e4,In 2016,May 2016,ALM
BGRP10,1250.0,In 2016,Aug 2016,LDI
BGRP10,5e3,In 2016,Nov 2016,ALM
BGRP10,1250.0,In 2016,Nov 2016,LDI
BGRP10,2500.0,In 2016,Nov 2016,Structure
BGRP10,750.0,In 2016,Nov 2016,Structure
BGRP10,2e3,In 2016,Dec 2016,ALM
BOCX10,15e3,In 2014,Aug 2014,ALM
BOCX10,1500.0,In 2014,Dec 2014,3DA
BOCX10,1500.0,In 2015,Dec 2015,Other
BOCX10,500.0,In 2016,Dec 2016,Other
BOCX11,15e3,In 2014,Aug 2014,ALM
BOCX12,500.0,In 2015,Jul 2015,Other
BOCX12,500.0,In 2016,Jul 2016,Other
BP tender,1500.0,In 2016,Sep 2016,3DA
BPIN10,15e3,In 2014,Jul 2014,ALM
BPIN10,7500.0,In 2015,Jun 2015,LDI
BPIN10,1500.0,In 2015,May 2015,3DA
BREN01,3500.0,In 2016,Nov 2016,ALM
BRKG01,3500.0,In 2016,Oct 2016,ALM
BSI Tender,1500.0,In 2015,Dec 2015,3DA
CALN10,2e3,In 2015,Feb 2015,Structure
CALN10,2e3,In 2015,May 2015,Structure
CAMB01,15e3,In 2014,Feb 2014,ALM
CAMB01,2e3,In 2014,Feb 2014,Structure
CAMB01,3500.0,In 2016,Nov 2016,ALM
CAMB01,1400.0,In 2016,Nov 2016,ALM
CAMD01,3e3,In 2015,May 2015,Cashflows
CAMD01,3500.0,In 2016,Oct 2016,ALM
CANP01,1500.0,In 2015,Nov 2015,3DA
CAPT10,1500.0,In 2014,Dec 2014,3DA
CAPT10,500.0,In 2015,Feb 2015,3DA
CAPT10,500.0,In 2015,May 2015,3DA
CAPT10,1e3,In 2015,Jul 2015,Other
CAPT10,500.0,In 2015,Jul 2015,3DA
CAPT10,500.0,In 2015,Nov 2015,3DA
CAPT10,500.0,In 2016,Feb 2016,3DA
CAPT10,500.0,In 2016,May 2016,3DA
CAPT10,7500.0,In 2016,Jul 2016,LDI
CAPT10,500.0,In 2016,Aug 2016,3DA
CAPT10,500.0,In 2016,Nov 2016,3DA
CBLO10 (Clyde process funnel chart),15e3,In 2014,Feb 2014,ALM
CBPG10,2500.0,In 2015,May 2015,ALM
CBPG10 (Clyde Bergmann),15e3,In 2014,Sep 2014,ALM
CHCE10,2e3,In 2015,Jun 2015,LDI
CHCE10,3e4,In 2016,Jun 2016,ALM
CHES Trigger Monitoring (Dec; Nov cailbration),15e3,In 2014,Dec 2014,ALM
CHES01,1500.0,In 2015,Oct 2015,3DA
CHES01,9e3,In 2016,Jul 2016,ALM
CHES01,3500.0,In 2016,Sep 2016,ALM
CHES01,1400.0,In 2016,Sep 2016,ALM
CHES01,1400.0,In 2016,Sep 2016,ALM
CHES01,1400.0,In 2016,Sep 2016,ALM
CHES01,1400.0,In 2016,Sep 2016,ALM
CHES01,1400.0,In 2016,Nov 2016,ALM
CHES01 (Ches East outsourcing),15e3,In 2014,Apr 2014,ALM
CHES10 (ELM/ALM Set-up Bucket A),15e3,In 2014,Apr 2014,ALM
CHES10 (ELM/ALM setup buckets B),15e3,In 2014,Apr 2014,ALM
CHSC10,1500.0,In 2015,Feb 2015,3DA
CHSC10,500.0,In 2015,Jun 2015,3DA
CHSC10 - crossreach,1500.0,In 2016,May 2016,3DA
CHSC10 - csc,1500.0,In 2016,May 2016,3DA
CHSC10 - Ministers,1500.0,In 2016,May 2016,3DA
CHSC10 - PPW,1500.0,In 2016,May 2016,3DA
CHSC12,500.0,In 2015,Jun 2015,3DA
CITG01,15e3,In 2014,Jul 2014,ALM
CITG01,15e3,In 2014,Nov 2014,ALM
CITG01,15e3,In 2015,Feb 2015,ALM
CLAR10,1500.0,In 2014,Sep 2014,3DA
CLAR10,15e3,In 2014,Oct 2014,ALM
CLAR10,1e4,In 2015,May 2015,LDI
CLAR10,500.0,In 2015,Jun 2015,3DA
CLAR10,500.0,In 2015,Jul 2015,3DA
CLAR10,500.0,In 2015,Nov 2015,3DA
CLAR10,500.0,In 2016,Mar 2016,3DA
CLAR10,500.0,In 2016,Jun 2016,3DA
CLAR10,500.0,In 2016,Aug 2016,3DA
CLAR10,1e4,In 2016,Oct 2016,ALM
CLAR10,500.0,In 2016,Nov 2016,3DA
Clarks (ALM + triggers),15e3,In 2014,Jul 2014,ALM
CLAW10,2500.0,In 2016,Feb 2016,LDI
CLAW10,5e3,In 2016,Feb 2016,Cashflows
CLAW10,1500.0,In 2016,Feb 2016,3DA
CLAW10,5e3,In 2016,Aug 2016,LDI
CLAW10,1500.0,In 2016,Dec 2016,3DA
CMPB10,1e3,In 2016,Mar 2016,Other
CMPB10,5e3,In 2016,Mar 2016,LDI
CMPB10,750.0,In 2016,Nov 2016,Structure
CNLW01,3500.0,In 2016,Oct 2016,ALM
CNLW01,1400.0,In 2016,Oct 2016,ALM
CocaCola tender,1500.0,In 2015,Nov 2015,3DA
COFE10,15e3,In 2015,Feb 2015,ALM
COFE10,15e3,In 2015,Jan 2015,ALM
COFE10 (Cofely),15e3,In 2014,Nov 2014,ALM
CONA11,1e4,In 2016,Sep 2016,ALM
COOI10,1e4,In 2015,Dec 2015,ALM
COOI10,500.0,In 2015,Nov 2015,Other
COOI10,5e3,In 2016,Jun 2016,LDI
COOI10,1e3,In 2016,Sep 2016,LDI
COOI10,1e3,In 2016,Nov 2016,LDI
COOI10,2e3,In 2015,Nov 2015,Structure
COOI10,7e3,In 2016,Nov 2016,ALM
COOI10,2500.0,In 2016,Nov 2016,Structure
CPRO10,3e3,In 2015,Jul 2015,ALM
CPRO10,1500.0,In 2015,Jul 2015,3DA
CPRO10,1e3,In 2015,Aug 2015,Other
CPRO10,1e3,In 2015,Nov 2015,ALM
CROY01,3500.0,In 2016,Aug 2016,ALM
CROY01,1400.0,In 2016,Sep 2016,ALM
Dairy crest tender,750.0,In 2016,Nov 2016,3DA
DELR10,15e3,In 2015,Jun 2015,ALM
DELR10,5e3,In 2015,Sep 2015,ALM
DELR10,2e3,In 2015,Nov 2015,Structure
DELR10,2500.0,In 2015,Dec 2015,ALM
DELR10,3e3,In 2015,Dec 2015,Other
DELR10,5e3,In 2016,Feb 2016,LDI
DELR10,2e3,In 2016,Jan 2016,ALM
DELR10,3e3,In 2016,Feb 2016,LDI
Demo (Mature),500.0,In 2016,Sep 2016,3DA
demo balanced,500.0,In 2016,Sep 2016,3DA
demo immature,500.0,In 2016,Sep 2016,3DA
demo schemes,500.0,In 2015,Apr 2015,3DA
DERB01,15e3,In 2014,Nov 2014,ALM
DERB01,3500.0,In 2016,Dec 2016,ALM
DERB01,1400.0,In 2016,Dec 2016,ALM
DERB01,1400.0,In 2016,Dec 2016,ALM
DEVN01,2e3,In 2015,Aug 2015,Structure
DIAG10,3500.0,In 2015,Jun 2015,Structure
DIAG10,15e3,In 2016,Jan 2016,ALM
DIAG10,3500.0,In 2015,Dec 2015,Cashflows
DIAG10,5e3,In 2016,Jan 2016,LDI
DIAG10,1500.0,In 2016,Apr 2016,3DA
DIAG10,5e3,In 2016,Jun 2016,ALM
DIAG10,2e3,In 2016,Aug 2016,LDI
DIAG10,4e3,In 2016,Jul 2016,Cashflows
DIAG10,2500.0,In 2016,Oct 2016,LDI
DIAG10,500.0,In 2016,Sep 2016,3DA
DIAG10,500.0,In 2016,Nov 2016,3DA
DIXO01,1e4,In 2016,May 2016,ALM
Dixons,1500.0,In 2016,Jan 2016,3DA
DTCZ10,2e4,In 2015,Jul 2015,ALM
DTCZ10,3e3,In 2015,Aug 2015,ALM
DTCZ10,2500.0,In 2015,Sep 2015,ALM
DTCZ10,2500.0,In 2015,Oct 2015,ALM
DTCZ10,2e3,In 2016,Jul 2016,ALM
DTCZ10,1e4,In 2016,Nov 2016,ALM
DTCZ11,18e3,In 2015,Jun 2015,ALM
DTCZ11,3500.0,In 2015,Dec 2015,ALM
DTGX10 (DSV),15e3,In 2014,Apr 2014,ALM
DTZC10,5e3,In 2016,Feb 2016,Cashflows
EASU01,1500.0,In 2014,Nov 2014,3DA
EASU01,2e3,In 2014,Jun 2014,Structure
EASU01,500.0,In 2015,Feb 2015,3DA
EASU01,500.0,In 2015,Apr 2015,3DA
EASU01,500.0,In 2015,Jul 2015,3DA
EASU01,500.0,In 2015,Nov 2015,3DA
EASU01,500.0,In 2016,Mar 2016,3DA
EASU01,500.0,In 2016,May 2016,3DA
EASU01,3500.0,In 2016,Oct 2016,ALM
EASU01,1400.0,In 2016,Oct 2016,ALM
EDGP10,2500.0,In 2015,May 2015,LDI
EDGP10,500.0,In 2016,Apr 2016,Other
EDGP10,5e3,In 2016,Dec 2016,LDI
EDGP10,2500.0,In 2016,Dec 2016,LDI
EDGP11,2500.0,In 2015,May 2015,LDI
EDGP11,500.0,In 2016,Apr 2016,Other
EDGP11,5e3,In 2016,Dec 2016,LDI
EDGP11,2500.0,In 2016,Dec 2016,LDI
ENVA01,1500.0,In 2015,Nov 2015,3DA
ENVA01,8e3,In 2016,Jan 2016,ALM
ENVA01,200.0,In 2016,Apr 2016,Other
ENVA01,6e3,In 2016,May 2016,ALM
ENVA01 (compass 2013),15e3,In 2014,Jul 2014,ALM
ERID01,1e3,In 2015,Jun 2015,Other
ERSP10,1500.0,In 2015,Feb 2015,3DA
ERST01,1500.0,In 2015,Sep 2015,3DA
ESSA10,1500.0,In 2015,May 2015,3DA
ESSA10,1e4,In 2015,Nov 2015,ALM
ESSA10,750.0,In 2016,Dec 2016,Structure
ESSA10,750.0,In 2016,Nov 2016,Structure
ESSX10,15e3,In 2014,Jan 2014,ALM
EXPR10,5e3,In 2015,Jan 2015,Cashflows
EXPR10,5575.0,In 2015,Mar 2015,ALM
EXPR10,2e3,In 2015,Mar 2015,Structure
EXPR10,500.0,In 2015,Jul 2015,LDI
EXPR10,3e3,In 2015,Sep 2015,ALM
EXPR10,1500.0,In 2015,Oct 2015,3DA
EXPR10,1250.0,In 2015,Nov 2015,LDI
EXPR10,2e3,In 2015,Oct 2015,Structure
EXPR10,1500.0,In 2015,Oct 2015,ALM
EXPR10,500.0,In 2015,Dec 2015,Structure
EXPR10,1250.0,In 2016,Feb 2016,LDI
EXPR10,1250.0,In 2016,May 2016,LDI
EXPR10,1250.0,In 2016,Jul 2016,LDI
EXPR10,1250.0,In 2016,Oct 2016,LDI
FALK01,1500.0,In 2015,Sep 2015,3DA
FALK01 compass,15e3,In 2014,Oct 2014,ALM
FBFT10,1e3,In 2015,Sep 2015,LDI
FBFT10,2e3,In 2016,Feb 2016,LDI
FCAP10,500.0,In 2015,Mar 2015,3DA
FCAP10,2e3,In 2016,Sep 2016,ALM
FENN01,15e3,In 2014,Sep 2014,ALM
FENN10,15e3,In 2014,Jan 2014,ALM
FENN10,5e3,In 2014,Nov 2014,Cashflows
FENN10,15e3,In 2015,Jan 2015,ALM
FENN10,1500.0,In 2015,Aug 2015,LDI
FENN10,1500.0,In 2015,Oct 2015,3DA
FENN10,1e3,In 2015,Nov 2015,LDI
FENN10,1500.0,In 2015,Oct 2015,3DA
FENN10,1e3,In 2016,Jan 2016,LDI
FENN10,1e3,In 2016,May 2016,LDI
FENN10,1e3,In 2016,Aug 2016,LDI
FENN10,1500.0,In 2016,Sep 2016,3DA
FGRP01,1500.0,In 2016,Feb 2016,3DA
FGRP01,7e3,In 2016,Feb 2016,Other
FGRP01 Tender,1500.0,In 2015,Mar 2015,3DA
FIFE01,5e3,In 2016,May 2016,ALM
FIFE01,2500.0,In 2016,Nov 2016,Structure
FIFE01 (compass),15e3,In 2014,Feb 2014,ALM
FINN10,1e3,In 2015,Sep 2015,LDI
FINN10,750.0,In 2015,Nov 2015,LDI
FINN10,750.0,In 2016,Jan 2016,LDI
FINN10,3500.0,In 2016,Mar 2016,Cashflows
FINN10,750.0,In 2016,May 2016,LDI
FINN10,5e3,In 2016,May 2016,LDI
FINN10,750.0,In 2016,Aug 2016,LDI
FINN10,750.0,In 2016,Nov 2016,LDI
FINN10,7e3,In 2016,Nov 2016,ALM
FINN10,5e3,In 2016,Nov 2016,LDI
FINN10,500.0,In 2016,Nov 2016,LDI
FSAP10,15e3,In 2016,Aug 2016,ALM
FUJI10,15e3,In 2014,Aug 2014,ALM
FUJI10,7e3,In 2015,Apr 2015,ALM
FUJI10,3e3,In 2015,Jul 2015,ALM
FUJI10,1500.0,In 2016,Apr 2016,3DA
Fujitsu,2e3,In 2014,Jan 2014,Structure
GALI01 (Structure),2e3,In 2014,Jan 2014,Structure
GALI10,2e4,In 2015,Apr 2015,ALM
GDST01,3e3,In 2016,Aug 2016,ALM
GIST10,1500.0,In 2016,Feb 2016,3DA
GIST10,1250.0,In 2016,May 2016,LDI
GIST10,1500.0,In 2016,May 2016,3DA
GIST10,3500.0,In 2016,Jul 2016,Other
GIST10,2e3,In 2016,Jul 2016,LDI
GIST10,500.0,In 2016,Jul 2016,3DA
GIST10,2e3,In 2016,Oct 2016,LDI
GIST10,500.0,In 2016,Nov 2016,3DA
GIST10 (SPOT),1500.0,In 2014,Sep 2014,3DA
GLOS01,1500.0,In 2015,May 2015,Cashflows
GLOS01,1e3,In 2015,Jun 2015,Other
GLOS01,12500.0,In 2016,Aug 2016,ALM
GLOS01,3500.0,In 2016,Aug 2016,ALM
GLOS01,3500.0,In 2016,Sep 2016,ALM
GLOS01,1400.0,In 2016,Sep 2016,ALM
GLOS01,6e3,In 2016,Nov 2016,ALM
GMPF01,2e3,In 2015,Nov 2015,LDI
GMPF01,2500.0,In 2016,Mar 2016,LDI
GMPF01,750.0,In 2016,Mar 2016,Structure
GMPF01 SPOT,500.0,In 2014,Jul 2014,3DA
GMPF10,2e3,In 2015,Mar 2015,Structure
GMPF10,2e3,In 2015,May 2015,Structure
GORE01,15e3,In 2015,Nov 2015,ALM
GORE01,15e3,In 2016,Feb 2016,ALM
GORE01,3e3,In 2016,Feb 2016,Other
GREN02,5e3,In 2015,Jun 2015,Other
GRWH01,15e3,In 2014,Apr 2014,ALM
GWND01,3500.0,In 2016,Oct 2016,ALM
HACK01,1500.0,In 2015,Mar 2015,3DA
HACK01,4e3,In 2015,Oct 2015,ALM
HACK01,5e3,In 2016,May 2016,ALM
HACK01,3500.0,In 2016,Nov 2016,ALM
HARR01,1400.0,In 2016,Oct 2016,ALM
HARR01,3500.0,In 2016,Oct 2016,ALM
HARR01,1e3,In 2016,Nov 2016,ALM
HAYS10,1500.0,In 2016,Feb 2016,3DA
HAYS10,6e3,In 2016,Jun 2016,Other
HAYS10,100.0,In 2016,Jul 2016,Other
HAYS10,100.0,In 2016,Aug 2016,Other
HAYS10,100.0,In 2016,Sep 2016,Other
HAYS10,100.0,In 2016,Oct 2016,Other
HAYS10,100.0,In 2016,Oct 2016,Other
HAYS10,100.0,In 2016,Dec 2016,Other
HERM10,1500.0,In 2014,Dec 2014,3DA
HERM10,500.0,In 2016,May 2016,Structure
HERMES,2e3,In 2014,Nov 2014,Structure
HERT01,1500.0,In 2015,Sep 2015,3DA
HERT01,8e3,In 2015,Dec 2015,ALM
HERT01,3500.0,In 2016,Oct 2016,ALM
HERT01,1400.0,In 2016,Oct 2016,ALM
HGHL01 compass,15e3,In 2014,Oct 2014,ALM
HIES10,17500.0,In 2015,Sep 2015,ALM
HIES10,2500.0,In 2015,Nov 2015,ALM
HIES10,1500.0,In 2015,Dec 2015,3DA
HIES10,1500.0,In 2015,Dec 2015,LDI
HLDN01,3500.0,In 2016,Nov 2016,ALM
HRGY01,3500.0,In 2016,Nov 2016,ALM
HRUKDBI,5e3,In 2016,Oct 2016,ALM
HSBC10,15e3,In 2014,Apr 2014,ALM
HSBC10,15e3,In 2014,Jul 2014,ALM
HSBC10,2e3,In 2015,May 2015,Structure
HSBC10,5e3,In 2015,Aug 2015,LDI
HYDE10 (joined up valn),15e3,In 2014,Sep 2014,ALM
IAMX10,3e3,In 2015,Jul 2015,ALM
IAMX10,1500.0,In 2016,Jun 2016,3DA
ICAX10,1500.0,In 2015,Jan 2015,3DA
ICAX10,5e3,In 2015,Oct 2015,ALM
ICAX10,1e3,In 2016,Mar 2016,Other
ICAX10,8e3,In 2016,Jul 2016,ALM
ICAX10,2e3,In 2016,Sep 2016,ALM
ICAX10,200.0,In 2016,Dec 2016,Other
IET (IEEN10),1500.0,In 2014,Nov 2014,3DA
IFFR10,1500.0,In 2016,Feb 2016,3DA
INNE10,1500.0,In 2016,Oct 2016,3DA
INPO10,16500.0,In 2015,Aug 2015,ALM
INPO10,3500.0,In 2015,Aug 2015,Cashflows
INPO10,2500.0,In 2015,Nov 2015,ALM
INPO10,2500.0,In 2016,Jan 2016,ALM
INPO10,2500.0,In 2016,Apr 2016,ALM
INPO10,2500.0,In 2016,Jul 2016,ALM
INPO10,4e3,In 2016,Oct 2016,Cashflows
INPO10,2500.0,In 2016,Nov 2016,ALM
INVI01,2e3,In 2014,Mar 2014,Structure
INVI10,3500.0,In 2015,Nov 2015,Cashflows
INVI10,1e4,In 2015,Nov 2015,ALM
INVI10,3e3,In 2015,Nov 2015,Structure
INVI10,500.0,In 2016,Feb 2016,Structure
INVI10 (invista),15e3,In 2014,Feb 2014,ALM
IOWZ01,3500.0,In 2016,Nov 2016,ALM
ITCH11,2500.0,In 2015,Jun 2015,Other
KELD10,15e3,In 2014,Feb 2014,ALM
KELD10,500.0,In 2015,Jun 2015,LDI
KELD10,15e3,In 2015,Nov 2015,ALM
KELD10,5e3,In 2015,Oct 2015,Cashflows
KELD10,5e3,In 2015,Dec 2015,LDI
KELD10,1e3,In 2016,Jan 2016,Other
KELD10,500.0,In 2016,Feb 2016,Other
KENC01,2e3,In 2014,Oct 2014,Structure
KENT01,2e3,In 2014,Oct 2014,Structure
KING01,1e3,In 2016,Dec 2016,ALM
KING01,3500.0,In 2016,Nov 2016,ALM
KING01,1400.0,In 2016,Nov 2016,ALM
KING01,1400.0,In 2017,Jan 2017,ALM
KING10,1500.0,In 2016,Feb 2016,Other
KNGF10,1500.0,In 2014,Aug 2014,3DA
KNGF10,500.0,In 2015,Jan 2015,3DA
KNGF10,5e3,In 2016,Aug 2016,LDI
KNGF10,15e3,In 2016,Sep 2016,ALM
KNGF10,3500.0,In 2016,Sep 2016,Other
KNGF10,2e3,In 2016,Sep 2016,Structure
LAWD10,3e3,In 2014,Jul 2014,ALM
LAWD10,3e3,In 2015,Apr 2015,ALM
LAWD22,1500.0,In 2016,Mar 2016,3DA
LBCP10,2e3,In 2014,Jun 2014,Structure
LBHA01,3500.0,In 2016,Aug 2016,ALM
LBHA01,5e3,In 2016,Sep 2016,ALM
LBTH01,3500.0,In 2016,Aug 2016,ALM
LBTH01,2e3,In 2016,Oct 2016,ALM
LBTH01,3e3,In 2016,Nov 2016,ALM
LEIC01,3500.0,In 2016,Nov 2016,ALM
LEIC01,1400.0,In 2016,Nov 2016,ALM
LGSC10,1500.0,In 2014,Dec 2014,3DA
LGSC10,500.0,In 2015,Jan 2015,3DA
LGSC10,500.0,In 2015,May 2015,3DA
LGSC10,500.0,In 2015,Jul 2015,3DA
LGSC10,500.0,In 2015,Oct 2015,3DA
LGSC10,500.0,In 2016,Jan 2016,3DA
LGSC10,500.0,In 2016,Apr 2016,3DA
LGSC10,500.0,In 2016,Aug 2016,3DA
LGSC10,500.0,In 2016,Nov 2016,3DA
LINC01,15e3,In 2014,Feb 2014,ALM
LINC01,3500.0,In 2016,Dec 2016,ALM
LINC01,1400.0,In 2016,Dec 2016,ALM
LLYD10- Tender (TDNB01 / TDNB.0746),500.0,In 2015,Jan 2015,3DA
LONW01,1500.0,In 2015,Jul 2015,3DA
LOOM10,5e3,In 2015,Nov 2015,LDI
LOOM10,5e3,In 2016,Nov 2016,LDI
LPSL10,750.0,In 2015,Nov 2015,Structure
LSE/LCH,750.0,In 2016,Dec 2016,Structure
LSPL10,3e3,In 2015,Nov 2015,ALM
LSPL10,2500.0,In 2016,May 2016,LDI
LSPL10,8e3,In 2016,Dec 2016,LDI
LV (TENDER),1500.0,In 2014,Nov 2014,3DA
LVPE01,3500.0,In 2016,Jun 2016,ALM
LVPE10,1e3,In 2016,Feb 2016,Other
LVPE10,1e3,In 2016,Mar 2016,Other
LVPE10,2500.0,In 2016,Apr 2016,ALM
LVPE10,2500.0,In 2016,Apr 2016,ALM
LVPE10,1500.0,In 2016,Aug 2016,Other
LVPE10 Employee pension scheme,15e3,In 2015,Aug 2015,ALM
LVPE10 Ockham pension scheme,15e3,In 2015,Aug 2015,ALM
LWSM01,3500.0,In 2016,Nov 2016,ALM
MACM10,2e3,In 2015,May 2015,Structure
MACM10,5e3,In 2015,Aug 2015,Cashflows
MACM10,5e3,In 2015,Aug 2015,ALM
MACM10,12500.0,In 2015,Nov 2015,LDI
MACM10,3500.0,In 2015,Aug 2015,Cashflows
MACM10,8e3,In 2016,Feb 2016,ALM
MACM10,3500.0,In 2016,Nov 2016,Cashflows
MACM10,5e3,In 2016,Dec 2016,LDI
MANP10,1500.0,In 2015,Jun 2015,3DA
MANP10,3e3,In 2016,Mar 2016,LDI
MANS01,2e3,In 2014,Nov 2014,Structure
MANS01,2500.0,In 2015,Jul 2015,Other
MANS01,2500.0,In 2015,Oct 2015,Other
MANS01,750.0,In 2015,Nov 2015,LDI
MANS01,2500.0,In 2016,Feb 2016,Other
MANS01,750.0,In 2016,Feb 2016,LDI
MANS01,1e4,In 2016,Mar 2016,ALM
MANS01,750.0,In 2016,May 2016,LDI
MANS01,2500.0,In 2016,Apr 2016,Other
MANS01,1e3,In 2016,May 2016,Structure
MANS01,750.0,In 2016,Aug 2016,LDI
MANS01,2500.0,In 2016,Jul 2016,Other
MANS01,2e3,In 2016,Sep 2016,ALM
MANS01,750.0,In 2016,Nov 2016,LDI
MANS01,2500.0,In 2016,Oct 2016,Other
MANS01,2500.0,In 2016,Nov 2016,Structure
MANS10,500.0,In 2015,Mar 2015,Other
Manweb,15e3,In 2015,Nov 2015,ALM
Manweb (Inv Review),15e3,In 2014,Jan 2014,ALM
MCOL10,1500.0,In 2015,Jun 2015,LDI
MCOL10,750.0,In 2015,Sep 2015,LDI
MCOL10,1250.0,In 2016,Jun 2016,LDI
MCOL10,1250.0,In 2016,Jul 2016,LDI
MCOL10,1e4,In 2016,Sep 2016,ALM
MCOL10,5e3,In 2016,Nov 2016,LDI
MCOL10,750.0,In 2016,Nov 2016,Structure
MCOL11,1500.0,In 2015,Jun 2015,LDI
MCOL11,750.0,In 2015,Sep 2015,LDI
MCOL11,1250.0,In 2016,Jun 2016,LDI
MCOL11,1e4,In 2016,Sep 2016,ALM
MCOL11,5e3,In 2016,Nov 2016,LDI
MCOL11,750.0,In 2016,Nov 2016,Structure
MCOLL10,1500.0,In 2015,Oct 2015,LDI
MCOLL11,1500.0,In 2015,Oct 2015,LDI
MENC10,1500.0,In 2015,Sep 2015,3DA
MENZ10,2e3,In 2014,Nov 2014,Structure
MENZ10,12500.0,In 2015,Aug 2015,ALM
MENZ10,5e3,In 2016,Nov 2016,LDI
MNOP10,5e3,In 2015,May 2015,Cashflows
MNOP10,1e4,In 2015,Jul 2015,LDI
MNOP10,6e3,In 2016,Oct 2016,LDI
MNOP10,3500.0,In 2016,Sep 2016,Cashflows
MOLI10,15e3,In 2014,Feb 2014,ALM
MOLI10,1e4,In 2015,Oct 2015,ALM
MOLI10,5e3,In 2015,Sep 2015,Cashflows
MOLI10,2500.0,In 2015,Oct 2015,LDI
MOLI10,1500.0,In 2016,Mar 2016,3DA
MOLI10,500.0,In 2016,Mar 2016,Structure
MOLS10,1500.0,In 2014,Oct 2014,3DA
MOLS10,500.0,In 2015,Feb 2015,3DA
MOLS10,500.0,In 2015,Apr 2015,3DA
MOLS10,500.0,In 2015,Oct 2015,3DA
MOLS10,500.0,In 2015,Nov 2015,3DA
MOLS10,500.0,In 2016,Feb 2016,3DA
MOLS10,500.0,In 2016,Jun 2016,3DA
MOLS10,750.0,In 2016,Nov 2016,Structure
MOLS10,1e4,In 2016,Nov 2016,ALM
Molson Coors (SPOT),3e3,In 2014,Jun 2014,ALM
MORG10,3e3,In 2016,Sep 2016,LDI
MORG10,1e4,In 2016,Nov 2016,ALM
MORR10,2e3,In 2014,Feb 2014,Structure
MORR10,2e3,In 2015,Feb 2015,Structure
MORR10,7500.0,In 2015,May 2015,LDI
MORR10,5e3,In 2015,Aug 2015,ALM
MORR10,2500.0,In 2015,Nov 2015,ALM
MORR10,500.0,In 2016,Jan 2016,Structure
MORR10,2500.0,In 2016,Feb 2016,ALM
MORR10,500.0,In 2016,Mar 2016,Structure
MORR10,2500.0,In 2016,May 2016,ALM
MORR10,500.0,In 2016,Apr 2016,Other
MORR10,1e4,In 2016,Aug 2016,ALM
MORR10,1e4,In 2016,Aug 2016,Cashflows
MORR10,2500.0,In 2016,Oct 2016,ALM
MORR10,5e3,In 2016,Oct 2016,LDI
MORR11,2e3,In 2014,Feb 2014,Structure
MORR11,2e3,In 2015,Feb 2015,Structure
MORR11,7500.0,In 2015,May 2015,LDI
MORR11,5e3,In 2015,Aug 2015,ALM
MORR11,2500.0,In 2015,Nov 2015,ALM
MORR11,500.0,In 2016,Jan 2016,Structure
MORR11,2500.0,In 2016,Feb 2016,ALM
MORR11,500.0,In 2016,Mar 2016,Structure
MORR11,2500.0,In 2016,May 2016,ALM
MORR11,500.0,In 2016,Apr 2016,Other
MORR11,1e4,In 2016,Aug 2016,ALM
MORR11,1e4,In 2016,Aug 2016,Cashflows
MORR11,2500.0,In 2016,Oct 2016,ALM
MORR11,2500.0,In 2016,Oct 2016,Structure
MORR11,5e3,In 2016,Oct 2016,LDI
MORR12,2e3,In 2014,Aug 2014,Structure
MORR12,5e3,In 2015,Apr 2015,Cashflows
MORR12,3e3,In 2015,Jun 2015,LDI
MORR12,5e3,In 2016,Feb 2016,LDI
MORR12,5e3,In 2016,Feb 2016,Cashflows
MORR12,500.0,In 2016,Nov 2016,Other
MPEG01,6e3,In 2015,Oct 2015,ALM
MWEB10,4e3,In 2016,Sep 2016,ALM
NABK10,1500.0,In 2015,Mar 2015,3DA
NCBS10,750.0,In 2015,Nov 2015,LDI
NCBS10,1e3,In 2016,Jan 2016,LDI
NCBS10,1e3,In 2016,Sep 2016,LDI
NCBS10,9e3,In 2016,Oct 2016,ALM
NGAS10,15e3,In 2014,Mar 2014,ALM
NGAS10,2e3,In 2014,Mar 2014,Structure
NGAS10,15e3,In 2014,Jan 2014,ALM
NORP01 (northern powergrid),15e3,In 2014,Nov 2014,ALM
NRFK01,15e3,In 2014,Aug 2014,ALM
NRFK01,3500.0,In 2016,Nov 2016,ALM
NRFK01,1400.0,In 2016,Nov 2016,ALM
NRFK01,1400.0,In 2016,Nov 2016,ALM
NRFK01,1400.0,In 2016,Nov 2016,ALM
NRFK01,3400.0,In 2016,Dec 2016,ALM
NRFK10 (additional employer),15e3,In 2014,Jan 2014,ALM
NRHP01,3500.0,In 2016,Nov 2016,ALM
NRHP01,1400.0,In 2016,Nov 2016,ALM
NRTH10,15e3,In 2014,Jan 2014,ALM
NRTH10,5e3,In 2015,Sep 2015,LDI
NRTH10,2e3,In 2015,Nov 2015,LDI
NRTH10,2e3,In 2016,Jan 2016,LDI
NRTH10,2500.0,In 2016,Mar 2016,LDI
NRTH10,2e3,In 2016,Apr 2016,LDI
NRTH10,2e3,In 2016,Jul 2016,LDI
NRTH10,4e3,In 2016,Oct 2016,Cashflows
NRTH10,2e3,In 2016,Nov 2016,LDI
NWAT10,15e3,In 2014,Aug 2014,ALM
NWAT10,3e3,In 2015,Jun 2015,ALM
NWAT10,500.0,In 2015,Dec 2015,3DA
NWAT10,1500.0,In 2015,Dec 2015,3DA
NWAT10,1500.0,In 2016,Feb 2016,3DA
NWAT10 (joined up valuation),15e3,In 2014,May 2014,ALM
OCSG01,1e3,In 2016,Mar 2016,Other
OCSG01,500.0,In 2015,Mar 2015,Structure
OCSG01,2e3,In 2016,Jan 2016,Structure
OCSG10,5e3,In 2016,Oct 2016,Cashflows
OCSG10,5e3,In 2016,Nov 2016,LDI
OCSG10,750.0,In 2016,Nov 2016,Structure
OCSG10,750.0,In 2016,Nov 2016,Structure
ORKN01,500.0,In 2016,Feb 2016,Structure
ORKN01,1e4,In 2015,Aug 2015,ALM
paper for mercer,2e3,In 2016,Jun 2016,Other
PCPF10,15e3,In 2014,Feb 2014,ALM
PDSA10,2e3,In 2015,Sep 2015,3DA
PDSA10,9e3,In 2015,Nov 2015,ALM
PENN10,2e3,In 2014,Sep 2014,Structure
PENN10,1e3,In 2015,Apr 2015,LDI
PENN10,1e3,In 2015,Jul 2015,LDI
PENN10,1250.0,In 2015,Oct 2015,LDI
PENN10,2500.0,In 2015,Nov 2015,ALM
PENN10,1250.0,In 2016,Jan 2016,LDI
PENN10,1500.0,In 2016,Mar 2016,Other
PENN10,1250.0,In 2016,May 2016,LDI
PENN10,500.0,In 2016,May 2016,Other
PENN10,1250.0,In 2016,Aug 2016,LDI
PENN10,5e3,In 2016,Aug 2016,ALM
PENN10,2500.0,In 2016,Sep 2016,ALM
PENN10,2500.0,In 2016,Sep 2016,Structure
PENN10,1250.0,In 2016,Nov 2016,LDI
PENN10,750.0,In 2016,Nov 2016,Structure
PENN10,1e3,In 2016,Nov 2016,Structure
PHNX01,5e3,In 2016,Sep 2016,Other
PILK10,1500.0,In 2016,Aug 2016,3DA
prj Chantal,3e3,In 2016,Jul 2016,Other
Project Chantal,15e3,In 2015,Jan 2015,ALM
Project Chantal,5e3,In 2014,Dec 2014,Cashflows
Project Chantal (followup work),15e3,In 2015,Mar 2015,ALM
PRU (Scot Am),15e3,In 2014,Aug 2014,ALM
PRUD02,1500.0,In 2015,Mar 2015,3DA
PRUD02 (Scot Am),15e3,In 2014,Jul 2014,ALM
QINE10,5e3,In 2014,Dec 2014,Cashflows
QINE10,500.0,In 2016,Nov 2016,Other
QINE10,15e3,In 2015,Jan 2015,ALM
QINE10,4e3,In 2015,May 2015,LDI
QINE10,500.0,In 2016,Mar 2016,Structure
QINE10,750.0,In 2016,Nov 2016,Structure
REDB01,3500.0,In 2016,Nov 2016,ALM
RIOT10,15e3,In 2016,Apr 2016,ALM
RIOT10,3500.0,In 2016,Feb 2016,Cashflows
RIOT10,2e3,In 2016,Jun 2016,LDI
RIOT11,5e3,In 2015,Jan 2015,Cashflows
RIOT11,15e3,In 2015,Jan 2015,ALM
RIOT12,15e3,In 2014,Mar 2014,ALM
RIOT13,15e3,In 2014,Sep 2014,ALM
RMCX01 - demo (Balanced),500.0,In 2016,Apr 2016,3DA
RMCX01 - demo (Balanced),500.0,In 2015,Dec 2015,3DA
RMCX01 - demo (Growth),500.0,In 2016,Apr 2016,3DA
RMCX01 - demo (Growth),500.0,In 2015,Dec 2015,3DA
RMCX01 - demo (Mature),500.0,In 2015,Dec 2015,3DA
RMCX01 - demo (Mature),500.0,In 2016,Feb 2016,3DA
SAMW10,3500.0,In 2015,Aug 2015,Cashflows
SAMW10,5e3,In 2015,Sep 2015,ALM
SAMW10,1750.0,In 2015,Nov 2015,LDI
SAMW10,1e3,In 2015,Dec 2015,ALM
SAMW10,2500.0,In 2016,Mar 2016,LDI
SCEN10,15e3,In 2014,May 2014,ALM
SCEN10,1500.0,In 2015,Jan 2015,3DA
SCEN10,500.0,In 2015,Feb 2015,3DA
SCEN10,1e4,In 2015,Jun 2015,ALM
SCEN10,1e4,In 2015,Jun 2015,Other
SCEN10,500.0,In 2015,Apr 2015,3DA
SCEN10,500.0,In 2015,Jul 2015,3DA
SCEN10,500.0,In 2015,Nov 2015,3DA
SCEN10,500.0,In 2016,Feb 2016,3DA
SCEN10,4e3,In 2016,Mar 2016,ALM
SCEN10,500.0,In 2016,May 2016,3DA
SCEN10,500.0,In 2016,Jul 2016,3DA
SCEN10,500.0,In 2016,Nov 2016,3DA
SCEN10,500.0,In 2016,Nov 2016,3DA
SCEN10 (SPOT),500.0,In 2014,Jun 2014,3DA
SCGN10,2e3,In 2015,Feb 2015,Structure
SCGN10,15e3,In 2015,Jul 2015,ALM
SCGN10,500.0,In 2015,Aug 2015,LDI
SCGN10,500.0,In 2015,Oct 2015,LDI
SCGN10,3e3,In 2015,Nov 2015,ALM
SCGN10,500.0,In 2016,Feb 2016,LDI
SCGN10,500.0,In 2016,Feb 2016,Other
SCGN10,500.0,In 2016,Feb 2016,LDI
SCGN10,500.0,In 2016,May 2016,LDI
SCGN10,2500.0,In 2016,Apr 2016,LDI
SCGN10,500.0,In 2016,Aug 2016,LDI
SCGN10,2500.0,In 2016,Dec 2016,LDI
SCOP10,12e3,In 2016,Mar 2016,Other
SCOP10,1500.0,In 2014,Oct 2014,3DA
SCOP10,1e3,In 2015,Jul 2015,LDI
SCOP10,15e3,In 2015,Nov 2015,ALM
SCOP10,1500.0,In 2015,Nov 2015,3DA
SCOP10,4e3,In 2016,Sep 2016,ALM
Scot Power (Inv Review),15e3,In 2014,Jan 2014,ALM
SCOW10,15e3,In 2014,Jul 2014,ALM
SCOW10,12e3,In 2016,Aug 2016,ALM
SCOW10,3500.0,In 2016,Sep 2016,Cashflows
SCSE10,15e3,In 2014,May 2014,ALM
SCSE10,2e3,In 2015,Feb 2015,Structure
SCSE10,15e3,In 2015,Jul 2015,ALM
SCSE10,5e3,In 2015,Jul 2015,LDI
SCSE10,500.0,In 2015,Jul 2015,LDI
SCSE10,2e3,In 2015,Aug 2015,Structure
SCSE10,500.0,In 2015,Nov 2015,LDI
SCSE10,750.0,In 2015,Nov 2015,LDI
SCSE10,500.0,In 2016,Feb 2016,LDI
SCSE10,500.0,In 2016,Feb 2016,LDI
SCSE10,1500.0,In 2016,Apr 2016,Other
SCSE10,500.0,In 2016,May 2016,LDI
SCSE10,500.0,In 2016,Aug 2016,LDI
SCSE10,2500.0,In 2016,Dec 2016,LDI
SCSE10,750.0,In 2016,Nov 2016,Structure
SCSE11,3e3,In 2015,Aug 2015,LDI
SCSE11,500.0,In 2016,Feb 2016,LDI
SCSE11,1e3,In 2016,Aug 2016,Other
SDXO01,2e3,In 2014,Oct 2014,Structure
SDXO01,2e3,In 2015,Oct 2015,Structure
SEWA10,15e3,In 2014,Aug 2014,ALM
SEWA10,500.0,In 2015,Mar 2015,3DA
SEWA10,5e3,In 2015,May 2015,ALM
SEWA10,7500.0,In 2015,Jun 2015,LDI
SEWA10,2500.0,In 2015,Jun 2015,Structure
SEWA10,2500.0,In 2015,Jun 2015,Structure
SEWA10,1500.0,In 2016,Apr 2016,Structure
SEWA10,250.0,In 2016,Jun 2016,Other
SEWA11,15e3,In 2014,Aug 2014,ALM
SEWA11,500.0,In 2015,Mar 2015,3DA
SEWA11,5e3,In 2015,May 2015,ALM
SEWA11,7500.0,In 2015,Jun 2015,LDI
SEWA11,2500.0,In 2015,Jun 2015,Structure
SEWA11,2500.0,In 2015,Jun 2015,Structure
SEWA11,1500.0,In 2016,Apr 2016,Structure
SEWA11,250.0,In 2016,Jun 2016,Other
SHPS tender,500.0,In 2016,May 2016,3DA
SHTL01,15e3,In 2014,Feb 2014,ALM
SIPS10,3500.0,In 2015,Aug 2015,LDI
SITA15 (BFI),1500.0,In 2015,Dec 2015,3DA
SLOC (alm),15e3,In 2014,Apr 2014,ALM
SLOC01,5e3,In 2015,Jun 2015,Other
SLOC01,18500.0,In 2016,Feb 2016,Other
SLOC01,1500.0,In 2016,Jan 2016,Other
SLOC01,3e3,In 2016,Mar 2016,Other
SLOC10,2e3,In 2016,Mar 2016,Other
SLOC10,5e3,In 2016,Apr 2016,LDI
SLOC10,5e3,In 2016,Nov 2016,LDI
SLOC10 (joined up valn),15e3,In 2014,Apr 2014,ALM
Sodexo,15e3,In 2014,Sep 2014,ALM
Sodexo,2e3,In 2014,Sep 2014,Structure
STDL10,15e3,In 2014,Mar 2014,ALM
STDL10,15e3,In 2015,Jan 2015,ALM
STDL10,1500.0,In 2015,Aug 2015,3DA
STDL10,2e3,In 2015,Sep 2015,LDI
STDL10,5e3,In 2016,Mar 2016,LDI
STDL10,1e4,In 2016,May 2016,Other
STFD01,7500.0,In 2016,Mar 2016,ALM
STFD01,3e3,In 2016,Mar 2016,ALM
STFD01,2500.0,In 2016,Jun 2016,ALM
STFD01,7e3,In 2016,Nov 2016,ALM
STMO10 (St Modwen funnel),3e3,In 2014,Sep 2014,ALM
STRC01,15e3,In 2015,Jan 2015,ALM
STRC01,5e3,In 2015,Oct 2015,LDI
STRC01,7500.0,In 2016,Mar 2016,ALM
STRC01 - Main fund,1500.0,In 2015,Nov 2015,3DA
STRC01 (stage 1),15e3,In 2014,Oct 2014,ALM
STRC01 compass (2nd stage),15e3,In 2014,Nov 2014,ALM
STRC01- No.3 fund,1500.0,In 2015,Nov 2015,3DA
STRC10,1e4,In 2016,Jun 2016,Other
SUFF01,7500.0,In 2016,Mar 2016,ALM
SUFF01,3500.0,In 2016,Mar 2016,ALM
SURR01,3500.0,In 2016,Nov 2016,ALM
SURR01,1400.0,In 2016,Nov 2016,ALM
SWAN01,999.0,In 2015,Nov 2015,Structure
TEND01,500.0,In 2015,Aug 2015,Other
TESC01,8e3,In 2015,Apr 2015,Other
TESC01,8e3,In 2015,May 2015,Structure
TESC01,5e3,In 2015,Jul 2015,Other
TESC01,2e3,In 2015,Sep 2015,Other
TESC01,2e4,In 2015,Nov 2015,ALM
TESC01,4e3,In 2016,Sep 2016,Structure
TESC01,2e3,In 2016,Nov 2016,Other
TESC01,1e3,In 2016,Dec 2016,Other
Thomas cook THCK10,15e3,In 2014,Aug 2014,ALM
TORF01,3500.0,In 2016,Nov 2016,ALM
TORF01,1400.0,In 2016,Nov 2016,ALM
TOWR01,3500.0,In 2016,Nov 2016,ALM
TPRE01,5e3,In 2016,Mar 2016,ALM
TRAP01,15e3,In 2014,Apr 2014,ALM
TRWA10,2e3,In 2015,May 2015,LDI
TRWA10,2e3,In 2015,Nov 2015,LDI
TRWA10,3500.0,In 2016,Jul 2016,LDI
TUIX10,1500.0,In 2015,Nov 2015,3DA
TURN10,7e3,In 2016,Mar 2016,ALM
TURN10,15e3,In 2015,Sep 2015,ALM
TURN10,2500.0,In 2016,May 2016,ALM
TURN10,5e3,In 2016,Nov 2016,LDI
UNED10,3e3,In 2015,Dec 2015,Cashflows
UNED10,1500.0,In 2015,Nov 2015,3DA
UNIG10,1500.0,In 2014,Dec 2014,3DA
UNIG10,5e3,In 2016,Sep 2016,LDI
UNIN10,2500.0,In 2015,Dec 2015,Structure
USSL10,5e3,In 2015,Jun 2015,Other
USSL10,2500.0,In 2015,Jun 2015,Structure
Valero Tender,1500.0,In 2016,Dec 2016,3DA
VERT10,3e3,In 2016,Feb 2016,LDI
VGRN02,3e3,In 2016,Aug 2016,Other
VOLV01,2e3,In 2016,Apr 2016,ALM
VOLV01,1e4,In 2016,Nov 2016,ALM
VOLV11,5e3,In 2016,Dec 2016,ALM
VRGN02,2e3,In 2016,Mar 2016,Other
VRGN02,5e3,In 2016,Jul 2016,Other
VRGN02,3e3,In 2016,Dec 2016,Other
WAEP10,1500.0,In 2015,May 2015,3DA
WAEP10,1500.0,In 2016,Jan 2016,Other
WAEP10,2500.0,In 2016,Mar 2016,LDI
WAEP10,1e4,In 2016,Jun 2016,ALM
WAEP10,2e3,In 2016,Jun 2016,LDI
WAEP10,3500.0,In 2016,Jul 2016,LDI
WAEP10,5e3,In 2016,Jul 2016,LDI
WAEP10,3500.0,In 2016,Aug 2016,ALM
WAEP10,2500.0,In 2016,Nov 2016,Structure
WAEPS10 (Capita),5e3,In 2015,Nov 2015,ALM
WARB10,1500.0,In 2014,Dec 2014,3DA
WARB10,1500.0,In 2015,Jun 2015,3DA
WARB10,500.0,In 2015,Dec 2015,3DA
WARB10,15e3,In 2016,May 2016,ALM
WARW01,1400.0,In 2016,Oct 2016,ALM
WARW01,3500.0,In 2016,Sep 2016,ALM
WARW01,1400.0,In 2016,Sep 2016,ALM
WARW10,15e3,In 2014,Apr 2014,ALM
Wates tender,750.0,In 2016,Nov 2016,3DA
West Midlands,2e3,In 2014,Sep 2014,Structure
WICC01,3500.0,In 2016,Sep 2016,ALM
WICC01,1400.0,In 2016,Sep 2016,ALM
WILK01,1e4,In 2016,Oct 2016,ALM
WILK10,2500.0,In 2016,Nov 2016,Structure
WINC10,15e3,In 2014,Apr 2014,ALM
WINC10,5e3,In 2016,Feb 2016,ALM
WINC10,1500.0,In 2015,Nov 2015,3DA
WINC10,8e3,In 2016,Apr 2016,ALM
WINC10,5e3,In 2016,Jul 2016,LDI
WMAC10,4500.0,In 2016,Feb 2016,ALM
WMAC10,2500.0,In 2016,May 2016,ALM
WMAC10,1500.0,In 2016,Jun 2016,ALM
WOLV01,1500.0,In 2015,Mar 2015,3DA
WOLV01,3e3,In 2015,Jul 2015,ALM
WOLV01,4e3,In 2016,Oct 2016,Cashflows
WOLV01,5e3,In 2017,Jan 2017,ALM
WOLV01,750.0,In 2016,Nov 2016,Structure
WOLV01,750.0,In 2016,Nov 2016,Structure
WOLV01,750.0,In 2016,Dec 2016,Structure
WOLV01,750.0,In 2016,Nov 2016,Structure
WPDG10,2e3,In 2014,Sep 2014,Structure
WPDG10,2500.0,In 2015,Jul 2015,Other
WPDG10,2e3,In 2015,Nov 2015,Other
WPDG10,6e3,In 2015,Oct 2015,ALM
WPDG10,2e3,In 2015,Nov 2015,ALM
WPDG10,250.0,In 2015,Oct 2015,Other
WPDG10 - Tender,500.0,In 2015,Feb 2015,3DA
WSUS01,3500.0,In 2016,Sep 2016,ALM
WSUS01,1400.0,In 2016,Sep 2016,ALM
WSUS01,1e3,In 2016,Oct 2016,ALM
WSUS10,15e3,In 2014,Oct 2014,ALM
